-- phpMyAdmin SQL Dump
-- version 4.8.4
-- https://www.phpmyadmin.net/
--
-- Host: 127.0.0.1
-- Waktu pembuatan: 22 Sep 2022 pada 06.32
-- Versi server: 10.1.37-MariaDB
-- Versi PHP: 7.3.0

SET SQL_MODE = "NO_AUTO_VALUE_ON_ZERO";
SET AUTOCOMMIT = 0;
START TRANSACTION;
SET time_zone = "+00:00";


/*!40101 SET @OLD_CHARACTER_SET_CLIENT=@@CHARACTER_SET_CLIENT */;
/*!40101 SET @OLD_CHARACTER_SET_RESULTS=@@CHARACTER_SET_RESULTS */;
/*!40101 SET @OLD_COLLATION_CONNECTION=@@COLLATION_CONNECTION */;
/*!40101 SET NAMES utf8mb4 */;

--
-- Database: `pekerjaan`
--
CREATE DATABASE IF NOT EXISTS pekerjaan;
USE pekerjaan;;
-- --------------------------------------------------------

--
-- Struktur dari tabel `daerah`
--

CREATE TABLE `daerah` (
  `id` int(11) NOT NULL,
  `nama_provinsi` varchar(25) NOT NULL,
  `nama_kota` varchar(25) NOT NULL,
  `nama_kecamatan` varchar(25) NOT NULL,
  `nama_kelurahan` varchar(25) NOT NULL
) ENGINE=InnoDB DEFAULT CHARSET=latin1;

--
-- Dumping data untuk tabel `daerah`
--

INSERT INTO `daerah` (`id`, `nama_provinsi`, `nama_kota`, `nama_kecamatan`, `nama_kelurahan`) VALUES
(1, 'PROVINSI DKI JAKARTA', 'KAB.ADM.KEP.SERIBU', 'KEP. SERIBU UTR', 'P. PANGGANG'),
(2, 'PROVINSI DKI JAKARTA', 'KAB.ADM.KEP.SERIBU', 'KEP. SERIBU UTR', 'P. KELAPA'),
(3, 'PROVINSI DKI JAKARTA', 'KAB.ADM.KEP.SERIBU', 'KEP. SERIBU UTR', 'P. HARAPAN'),
(4, 'PROVINSI DKI JAKARTA', 'KAB.ADM.KEP.SERIBU', 'KEP. SERIBU SLT', 'P. UNTUNG JAWA'),
(5, 'PROVINSI DKI JAKARTA', 'KAB.ADM.KEP.SERIBU', 'KEP. SERIBU SLT', 'P. TIDUNG'),
(6, 'PROVINSI DKI JAKARTA', 'KAB.ADM.KEP.SERIBU', 'KEP. SERIBU SLT', 'P. PARI'),
(7, 'PROVINSI DKI JAKARTA', 'JAKARTA PUSAT', 'GAMBIR', 'GAMBIR'),
(8, 'PROVINSI DKI JAKARTA', 'JAKARTA PUSAT', 'GAMBIR', 'CIDENG'),
(9, 'PROVINSI DKI JAKARTA', 'JAKARTA PUSAT', 'GAMBIR', 'PETOJO UTARA'),
(10, 'PROVINSI DKI JAKARTA', 'JAKARTA PUSAT', 'GAMBIR', 'PETOJO SELATAN'),
(11, 'PROVINSI DKI JAKARTA', 'JAKARTA PUSAT', 'GAMBIR', 'KEBON KELAPA'),
(12, 'PROVINSI DKI JAKARTA', 'JAKARTA PUSAT', 'GAMBIR', 'DURI PULO'),
(13, 'PROVINSI DKI JAKARTA', 'JAKARTA PUSAT', 'SAWAH BESAR', 'PASAR BARU'),
(14, 'PROVINSI DKI JAKARTA', 'JAKARTA PUSAT', 'SAWAH BESAR', 'KARANG ANYAR'),
(15, 'PROVINSI DKI JAKARTA', 'JAKARTA PUSAT', 'SAWAH BESAR', 'KARTINI'),
(16, 'PROVINSI DKI JAKARTA', 'JAKARTA PUSAT', 'SAWAH BESAR', 'GUNUNG SAHARI UTARA'),
(17, 'PROVINSI DKI JAKARTA', 'JAKARTA PUSAT', 'SAWAH BESAR', 'MANGGA DUA SELATAN'),
(18, 'PROVINSI DKI JAKARTA', 'JAKARTA PUSAT', 'KEMAYORAN', 'KEMAYORAN'),
(19, 'PROVINSI DKI JAKARTA', 'JAKARTA PUSAT', 'KEMAYORAN', 'KEBON KOSONG'),
(20, 'PROVINSI DKI JAKARTA', 'JAKARTA PUSAT', 'KEMAYORAN', 'HARAPAN MULIA');

-- --------------------------------------------------------

--
-- Struktur dari tabel `distribusi`
--

CREATE TABLE `distribusi` (
  `id` int(11) NOT NULL,
  `daerah_id` int(15) NOT NULL,
  `pekerjaan_id` int(15) NOT NULL,
  `jumlah` int(100) NOT NULL
) ENGINE=InnoDB DEFAULT CHARSET=latin1;

--
-- Dumping data untuk tabel `distribusi`
--

INSERT INTO `distribusi` (`id`, `daerah_id`, `pekerjaan_id`, `jumlah`) VALUES
(1, 1, 1, 1508),
(2, 1, 2, 1475),
(3, 1, 3, 1603),
(4, 1, 4, 21),
(5, 1, 5, 185),
(6, 1, 6, 4),
(7, 1, 7, 10),
(8, 1, 8, 6),
(9, 1, 9, 0),
(10, 1, 10, 0),
(11, 1, 11, 918),
(12, 1, 12, 1),
(13, 1, 13, 4),
(14, 1, 14, 0),
(15, 1, 15, 197),
(16, 1, 16, 1),
(17, 1, 17, 0),
(18, 1, 18, 90),
(19, 1, 19, 63),
(20, 1, 20, 0),
(21, 1, 21, 1),
(22, 1, 22, 0),
(23, 1, 23, 0),
(24, 1, 24, 0),
(25, 1, 25, 0),
(26, 1, 26, 0),
(27, 1, 27, 0),
(28, 1, 28, 0),
(29, 1, 29, 0),
(30, 1, 30, 0),
(31, 1, 31, 0),
(32, 1, 32, 0),
(33, 1, 33, 0),
(34, 1, 34, 0),
(35, 1, 35, 0),
(36, 1, 36, 1),
(37, 1, 37, 0),
(38, 1, 38, 0),
(39, 1, 39, 0),
(40, 1, 40, 0),
(41, 1, 41, 0),
(42, 1, 42, 0),
(43, 1, 43, 0),
(44, 1, 44, 1),
(45, 1, 45, 0),
(46, 1, 46, 0),
(47, 1, 47, 0),
(48, 1, 48, 0),
(49, 1, 49, 0),
(50, 1, 50, 0),
(51, 1, 51, 0),
(52, 1, 52, 0),
(53, 1, 53, 0),
(54, 1, 54, 0),
(55, 1, 55, 0),
(56, 1, 56, 0),
(57, 1, 57, 0),
(58, 1, 58, 0),
(59, 1, 59, 0),
(60, 1, 60, 0),
(61, 1, 61, 0),
(62, 1, 62, 0),
(63, 1, 63, 0),
(64, 1, 64, 2),
(65, 1, 65, 101),
(66, 1, 66, 0),
(67, 1, 67, 0),
(68, 1, 68, 0),
(69, 1, 69, 0),
(70, 1, 70, 0),
(71, 1, 71, 0),
(72, 1, 72, 1),
(73, 1, 73, 7),
(74, 1, 74, 9),
(75, 1, 75, 0),
(76, 1, 76, 0),
(77, 1, 77, 0),
(78, 1, 78, 0),
(79, 1, 79, 0),
(80, 1, 80, 0),
(81, 1, 81, 0),
(82, 1, 82, 0),
(83, 1, 83, 0),
(84, 1, 84, 11),
(85, 1, 85, 0),
(86, 1, 86, 0),
(87, 1, 87, 0),
(88, 1, 88, 114),
(89, 1, 89, 24),
(90, 1, 90, 0),
(91, 2, 1, 1508),
(92, 2, 2, 1475),
(93, 2, 3, 1603),
(94, 2, 4, 21),
(95, 2, 5, 185),
(96, 2, 6, 4),
(97, 2, 7, 10),
(98, 2, 8, 6),
(99, 2, 9, 0),
(100, 2, 10, 0),
(101, 2, 11, 918),
(102, 2, 12, 1),
(103, 2, 13, 4),
(104, 2, 14, 0),
(105, 2, 15, 197),
(106, 2, 16, 1),
(107, 2, 17, 0),
(108, 2, 18, 90),
(109, 2, 19, 63),
(110, 2, 20, 0),
(111, 2, 21, 1),
(112, 2, 22, 0),
(113, 2, 23, 0),
(114, 2, 24, 0),
(115, 2, 25, 0),
(116, 2, 26, 0),
(117, 2, 27, 0),
(118, 2, 28, 0),
(119, 2, 29, 0),
(120, 2, 30, 0),
(121, 2, 31, 0),
(122, 2, 32, 0),
(123, 2, 33, 0),
(124, 2, 34, 0),
(125, 2, 35, 0),
(126, 2, 36, 1),
(127, 2, 37, 0),
(128, 2, 38, 0),
(129, 2, 39, 0),
(130, 2, 40, 0),
(131, 2, 41, 0),
(132, 2, 42, 0),
(133, 2, 43, 0),
(134, 2, 44, 1),
(135, 2, 45, 0),
(136, 2, 46, 0),
(137, 2, 47, 0),
(138, 2, 48, 0),
(139, 2, 49, 0),
(140, 2, 50, 0),
(141, 2, 51, 0),
(142, 2, 52, 0),
(143, 2, 53, 0),
(144, 2, 54, 0),
(145, 2, 55, 0),
(146, 2, 56, 0),
(147, 2, 57, 0),
(148, 2, 58, 0),
(149, 2, 59, 0),
(150, 2, 60, 0),
(151, 2, 61, 0),
(152, 2, 62, 0),
(153, 2, 63, 0),
(154, 2, 64, 2),
(155, 2, 65, 101),
(156, 2, 66, 0),
(157, 2, 67, 0),
(158, 2, 68, 0),
(159, 2, 69, 0),
(160, 2, 70, 0),
(161, 2, 71, 0),
(162, 2, 72, 1),
(163, 2, 73, 7),
(164, 2, 74, 9),
(165, 2, 75, 0),
(166, 2, 76, 0),
(167, 2, 77, 0),
(168, 2, 78, 0),
(169, 2, 79, 0),
(170, 2, 80, 0),
(171, 2, 81, 0),
(172, 2, 82, 0),
(173, 2, 83, 0),
(174, 2, 84, 11),
(175, 2, 85, 0),
(176, 2, 86, 0),
(177, 2, 87, 0),
(178, 2, 88, 114),
(179, 2, 89, 24),
(180, 2, 90, 0),
(181, 3, 1, 476),
(182, 3, 2, 564),
(183, 3, 3, 521),
(184, 3, 4, 2),
(185, 3, 5, 30),
(186, 3, 6, 0),
(187, 3, 7, 2),
(188, 3, 8, 0),
(189, 3, 9, 1),
(190, 3, 10, 0),
(191, 3, 11, 470),
(192, 3, 12, 0),
(193, 3, 13, 10),
(194, 3, 14, 2),
(195, 3, 15, 0),
(196, 3, 16, 51),
(197, 3, 17, 0),
(198, 3, 18, 0),
(199, 3, 19, 20),
(200, 3, 20, 33),
(201, 3, 21, 0),
(202, 3, 22, 2),
(203, 3, 23, 0),
(204, 3, 24, 0),
(205, 3, 25, 0),
(206, 3, 26, 0),
(207, 3, 27, 0),
(208, 3, 28, 0),
(209, 3, 29, 0),
(210, 3, 30, 0),
(211, 3, 31, 0),
(212, 3, 32, 0),
(213, 3, 33, 0),
(214, 3, 34, 0),
(215, 3, 35, 0),
(216, 3, 36, 0),
(217, 3, 37, 0),
(218, 3, 38, 0),
(219, 3, 39, 0),
(220, 3, 40, 0),
(221, 3, 41, 0),
(222, 3, 42, 0),
(223, 3, 43, 0),
(224, 3, 44, 0),
(225, 3, 45, 0),
(226, 3, 46, 1),
(227, 3, 47, 0),
(228, 3, 48, 0),
(229, 3, 49, 0),
(230, 3, 50, 0),
(231, 3, 51, 0),
(232, 3, 52, 0),
(233, 3, 53, 0),
(234, 3, 54, 0),
(235, 3, 55, 0),
(236, 3, 56, 0),
(237, 3, 57, 0),
(238, 3, 58, 0),
(239, 3, 59, 0),
(240, 3, 60, 0),
(241, 3, 61, 0),
(242, 3, 62, 0),
(243, 3, 63, 0),
(244, 3, 64, 0),
(245, 3, 65, 0),
(246, 3, 66, 31),
(247, 3, 67, 0),
(248, 3, 68, 0),
(249, 3, 69, 0),
(250, 3, 70, 0),
(251, 3, 71, 0),
(252, 3, 72, 0),
(253, 3, 73, 0),
(254, 3, 74, 2),
(255, 3, 75, 2),
(256, 3, 76, 0),
(257, 3, 77, 0),
(258, 3, 78, 0),
(259, 3, 79, 0),
(260, 3, 80, 1),
(261, 3, 81, 0),
(262, 3, 82, 0),
(263, 3, 83, 0),
(264, 3, 84, 0),
(265, 3, 85, 0),
(266, 3, 86, 0),
(267, 3, 87, 0),
(268, 3, 88, 0),
(269, 3, 89, 26),
(270, 3, 90, 3),
(271, 4, 1, 526),
(272, 4, 2, 507),
(273, 4, 3, 500),
(274, 4, 4, 11),
(275, 4, 5, 39),
(276, 4, 6, 1),
(277, 4, 7, 11),
(278, 4, 8, 8),
(279, 4, 9, 3),
(280, 4, 10, 0),
(281, 4, 11, 284),
(282, 4, 12, 0),
(283, 4, 13, 4),
(284, 4, 14, 0),
(285, 4, 15, 0),
(286, 4, 16, 0),
(287, 4, 17, 0),
(288, 4, 18, 0),
(289, 4, 19, 0),
(290, 4, 20, 0),
(291, 4, 21, 0),
(292, 4, 22, 0),
(293, 4, 23, 0),
(294, 4, 24, 0),
(295, 4, 25, 0),
(296, 4, 26, 0),
(297, 4, 27, 0),
(298, 4, 28, 0),
(299, 4, 29, 0),
(300, 4, 30, 0),
(301, 4, 31, 0),
(302, 4, 32, 0),
(303, 4, 33, 0),
(304, 4, 34, 0),
(305, 4, 35, 0),
(306, 4, 36, 0),
(307, 4, 37, 0),
(308, 4, 38, 0),
(309, 4, 39, 0),
(310, 4, 40, 0),
(311, 4, 41, 0),
(312, 4, 42, 0),
(313, 4, 43, 0),
(314, 4, 44, 0),
(315, 4, 45, 0),
(316, 4, 46, 0),
(317, 4, 47, 0),
(318, 4, 48, 0),
(319, 4, 49, 0),
(320, 4, 50, 0),
(321, 4, 51, 0),
(322, 4, 52, 0),
(323, 4, 53, 0),
(324, 4, 54, 0),
(325, 4, 55, 0),
(326, 4, 56, 0),
(327, 4, 57, 0),
(328, 4, 58, 0),
(329, 4, 59, 0),
(330, 4, 60, 0),
(331, 4, 61, 0),
(332, 4, 62, 0),
(333, 4, 63, 0),
(334, 4, 64, 0),
(335, 4, 65, 0),
(336, 4, 66, 0),
(337, 4, 67, 0),
(338, 4, 68, 0),
(339, 4, 69, 0),
(340, 4, 70, 0),
(341, 4, 71, 1),
(342, 4, 72, 1),
(343, 4, 73, 0),
(344, 4, 74, 0),
(345, 4, 75, 0),
(346, 4, 76, 0),
(347, 4, 77, 2),
(348, 4, 78, 0),
(349, 4, 79, 0),
(350, 4, 80, 0),
(351, 4, 81, 0),
(352, 4, 82, 14),
(353, 4, 83, 0),
(354, 4, 84, 0),
(355, 4, 85, 0),
(356, 4, 86, 0),
(357, 4, 87, 0),
(358, 4, 88, 135),
(359, 4, 89, 25),
(360, 4, 90, 0),
(361, 5, 1, 12056),
(362, 5, 2, 1163),
(363, 5, 3, 1160),
(364, 5, 4, 14),
(365, 5, 5, 117),
(366, 5, 6, 0),
(367, 5, 7, 8),
(368, 5, 8, 4),
(369, 5, 9, 0),
(370, 5, 10, 1),
(371, 5, 11, 776),
(372, 5, 12, 0),
(373, 5, 13, 10),
(374, 5, 14, 0),
(375, 5, 15, 126),
(376, 5, 16, 1),
(377, 5, 17, 1),
(378, 5, 18, 77),
(379, 5, 19, 46),
(380, 5, 20, 0),
(381, 5, 21, 0),
(382, 5, 22, 0),
(383, 5, 23, 0),
(384, 5, 24, 0),
(385, 5, 25, 0),
(386, 5, 26, 0),
(387, 5, 27, 0),
(388, 5, 28, 0),
(389, 5, 29, 0),
(390, 5, 30, 0),
(391, 5, 31, 0),
(392, 5, 32, 0),
(393, 5, 33, 0),
(394, 5, 34, 0),
(395, 5, 35, 0),
(396, 5, 36, 0),
(397, 5, 37, 0),
(398, 5, 38, 0),
(399, 5, 39, 0),
(400, 5, 40, 0),
(401, 5, 41, 0),
(402, 5, 42, 0),
(403, 5, 43, 0),
(404, 5, 44, 0),
(405, 5, 45, 0),
(406, 5, 46, 0),
(407, 5, 47, 0),
(408, 5, 48, 0),
(409, 5, 49, 0),
(410, 5, 50, 0),
(411, 5, 51, 0),
(412, 5, 52, 0),
(413, 5, 53, 0),
(414, 5, 54, 0),
(415, 5, 55, 0),
(416, 5, 56, 0),
(417, 5, 57, 0),
(418, 5, 58, 0),
(419, 5, 59, 0),
(420, 5, 60, 0),
(421, 5, 61, 0),
(422, 5, 62, 0),
(423, 5, 63, 0),
(424, 5, 64, 121),
(425, 5, 65, 0),
(426, 5, 66, 0),
(427, 5, 67, 0),
(428, 5, 68, 0),
(429, 5, 69, 0),
(430, 5, 70, 0),
(431, 5, 71, 0),
(432, 5, 72, 4),
(433, 5, 73, 7),
(434, 5, 74, 0),
(435, 5, 75, 0),
(436, 5, 76, 0),
(437, 5, 77, 0),
(438, 5, 78, 19),
(439, 5, 79, 0),
(440, 5, 80, 0),
(441, 5, 81, 0),
(442, 5, 82, 0),
(443, 5, 83, 16),
(444, 5, 84, 0),
(445, 5, 85, 0),
(446, 5, 86, 0),
(447, 5, 87, 0),
(448, 5, 88, 152),
(449, 5, 89, 14),
(450, 5, 90, 0),
(451, 6, 1, 587),
(452, 6, 2, 686),
(453, 6, 3, 722),
(454, 6, 4, 2),
(455, 6, 5, 12),
(456, 6, 6, 1),
(457, 6, 7, 0),
(458, 6, 8, 2),
(459, 6, 9, 1),
(460, 6, 10, 0),
(461, 6, 11, 591),
(462, 6, 12, 0),
(463, 6, 13, 14),
(464, 6, 14, 0),
(465, 6, 15, 33),
(466, 6, 16, 0),
(467, 6, 17, 0),
(468, 6, 18, 9),
(469, 6, 19, 11),
(470, 6, 20, 1),
(471, 6, 21, 1),
(472, 6, 22, 0),
(473, 6, 23, 0),
(474, 6, 24, 0),
(475, 6, 25, 0),
(476, 6, 26, 0),
(477, 6, 27, 0),
(478, 6, 28, 0),
(479, 6, 29, 0),
(480, 6, 30, 0),
(481, 6, 31, 0),
(482, 6, 32, 0),
(483, 6, 33, 0),
(484, 6, 34, 0),
(485, 6, 35, 0),
(486, 6, 36, 0),
(487, 6, 37, 0),
(488, 6, 38, 0),
(489, 6, 39, 0),
(490, 6, 40, 0),
(491, 6, 41, 0),
(492, 6, 42, 0),
(493, 6, 43, 0),
(494, 6, 44, 0),
(495, 6, 45, 0),
(496, 6, 46, 0),
(497, 6, 47, 0),
(498, 6, 48, 0),
(499, 6, 49, 0),
(500, 6, 50, 0),
(501, 6, 51, 0),
(502, 6, 52, 0),
(503, 6, 53, 0),
(504, 6, 54, 0),
(505, 6, 55, 0),
(506, 6, 56, 0),
(507, 6, 57, 0),
(508, 6, 58, 0),
(509, 6, 59, 0),
(510, 6, 60, 0),
(511, 6, 61, 0),
(512, 6, 62, 0),
(513, 6, 63, 0),
(514, 6, 64, 0),
(515, 6, 65, 35),
(516, 6, 66, 0),
(517, 6, 67, 0),
(518, 6, 68, 0),
(519, 6, 69, 0),
(520, 6, 70, 0),
(521, 6, 71, 0),
(522, 6, 72, 1),
(523, 6, 73, 5),
(524, 6, 74, 5),
(525, 6, 75, 0),
(526, 6, 76, 0),
(527, 6, 77, 0),
(528, 6, 78, 0),
(529, 6, 79, 1),
(530, 6, 80, 0),
(531, 6, 81, 0),
(532, 6, 82, 0),
(533, 6, 83, 0),
(534, 6, 84, 2),
(535, 6, 85, 0),
(536, 6, 86, 0),
(537, 6, 87, 0),
(538, 6, 88, 67),
(539, 6, 89, 32),
(540, 6, 90, 0),
(541, 7, 1, 381),
(542, 7, 2, 564),
(543, 7, 3, 780),
(544, 7, 4, 77),
(545, 7, 5, 81),
(546, 7, 6, 133),
(547, 7, 7, 4),
(548, 7, 8, 1),
(549, 7, 9, 0),
(550, 7, 10, 0),
(551, 7, 11, 0),
(552, 7, 12, 2),
(553, 7, 13, 0),
(554, 7, 14, 0),
(555, 7, 15, 956),
(556, 7, 16, 8),
(557, 7, 17, 0),
(558, 7, 18, 5),
(559, 7, 19, 18),
(560, 7, 20, 0),
(561, 7, 21, 0),
(562, 7, 22, 0),
(563, 7, 23, 2),
(564, 7, 24, 0),
(565, 7, 25, 0),
(566, 7, 26, 0),
(567, 7, 27, 1),
(568, 7, 28, 0),
(569, 7, 29, 0),
(570, 7, 30, 0),
(571, 7, 31, 0),
(572, 7, 32, 0),
(573, 7, 33, 0),
(574, 7, 34, 0),
(575, 7, 35, 0),
(576, 7, 36, 0),
(577, 7, 37, 0),
(578, 7, 38, 0),
(579, 7, 39, 0),
(580, 7, 40, 0),
(581, 7, 41, 0),
(582, 7, 42, 11),
(583, 7, 43, 0),
(584, 7, 44, 0),
(585, 7, 45, 0),
(586, 7, 46, 0),
(587, 7, 47, 0),
(588, 7, 48, 0),
(589, 7, 49, 0),
(590, 7, 50, 0),
(591, 7, 51, 1),
(592, 7, 52, 0),
(593, 7, 53, 0),
(594, 7, 54, 0),
(595, 7, 55, 0),
(596, 7, 56, 0),
(597, 7, 57, 0),
(598, 7, 58, 0),
(599, 7, 59, 0),
(600, 7, 60, 0),
(601, 7, 61, 0),
(602, 7, 62, 0),
(603, 7, 63, 0),
(604, 7, 64, 3),
(605, 7, 65, 1),
(606, 7, 66, 4),
(607, 7, 67, 0),
(608, 7, 68, 0),
(609, 7, 69, 0),
(610, 7, 70, 2),
(611, 7, 71, 8),
(612, 7, 72, 4),
(613, 7, 73, 2),
(614, 7, 74, 0),
(615, 7, 75, 1),
(616, 7, 76, 0),
(617, 7, 77, 0),
(618, 7, 78, 4),
(619, 7, 79, 0),
(620, 7, 80, 4),
(621, 7, 81, 0),
(622, 7, 82, 0),
(623, 7, 83, 48),
(624, 7, 84, 0),
(625, 7, 85, 0),
(626, 7, 86, 0),
(627, 7, 87, 0),
(628, 7, 88, 256),
(629, 7, 89, 27),
(630, 7, 90, 0),
(631, 8, 1, 2458),
(632, 8, 2, 3709),
(633, 8, 3, 4271),
(634, 8, 4, 256),
(635, 8, 5, 186),
(636, 8, 6, 17),
(637, 8, 7, 204),
(638, 8, 8, 4),
(639, 8, 9, 0),
(640, 8, 10, 1),
(641, 8, 11, 0),
(642, 8, 12, 5),
(643, 8, 13, 7),
(644, 8, 14, 2),
(645, 8, 15, 5726),
(646, 8, 16, 27),
(647, 8, 17, 6),
(648, 8, 18, 18),
(649, 8, 19, 163),
(650, 8, 20, 2),
(651, 8, 21, 0),
(652, 8, 22, 0),
(653, 8, 23, 2),
(654, 8, 24, 0),
(655, 8, 25, 0),
(656, 8, 26, 0),
(657, 8, 27, 0),
(658, 8, 28, 0),
(659, 8, 29, 0),
(660, 8, 30, 2),
(661, 8, 31, 0),
(662, 8, 32, 0),
(663, 8, 33, 0),
(664, 8, 34, 0),
(665, 8, 35, 8),
(666, 8, 36, 7),
(667, 8, 37, 0),
(668, 8, 38, 0),
(669, 8, 39, 0),
(670, 8, 40, 0),
(671, 8, 41, 0),
(672, 8, 42, 11),
(673, 8, 43, 0),
(674, 8, 44, 10),
(675, 8, 45, 0),
(676, 8, 46, 1),
(677, 8, 47, 0),
(678, 8, 48, 3),
(679, 8, 49, 0),
(680, 8, 50, 0),
(681, 8, 51, 0),
(682, 8, 52, 0),
(683, 8, 53, 1),
(684, 8, 54, 0),
(685, 8, 55, 0),
(686, 8, 56, 0),
(687, 8, 57, 0),
(688, 8, 58, 0),
(689, 8, 59, 0),
(690, 8, 60, 0),
(691, 8, 61, 0),
(692, 8, 62, 0),
(693, 8, 63, 0),
(694, 8, 64, 23),
(695, 8, 65, 87),
(696, 8, 66, 2),
(697, 8, 67, 17),
(698, 8, 68, 5),
(699, 8, 69, 2),
(700, 8, 70, 0),
(701, 8, 71, 4),
(702, 8, 72, 89),
(703, 8, 73, 4),
(704, 8, 74, 9),
(705, 8, 75, 0),
(706, 8, 76, 0),
(707, 8, 77, 0),
(708, 8, 78, 0),
(709, 8, 79, 4),
(710, 8, 80, 0),
(711, 8, 81, 62),
(712, 8, 82, 0),
(713, 8, 83, 1),
(714, 8, 84, 181),
(715, 8, 85, 0),
(716, 8, 86, 0),
(717, 8, 87, 1),
(718, 8, 88, 1080),
(719, 8, 89, 201),
(720, 8, 90, 0),
(721, 9, 1, 3171),
(722, 9, 2, 4366),
(723, 9, 3, 4892),
(724, 9, 4, 119),
(725, 9, 5, 97),
(726, 9, 6, 13),
(727, 9, 7, 7),
(728, 9, 8, 0),
(729, 9, 9, 1),
(730, 9, 10, 0),
(731, 9, 11, 0),
(732, 9, 12, 0),
(733, 9, 13, 1),
(734, 9, 14, 0),
(735, 9, 15, 7104),
(736, 9, 16, 20),
(737, 9, 17, 1),
(738, 9, 18, 7),
(739, 9, 19, 350),
(740, 9, 20, 0),
(741, 9, 21, 1),
(742, 9, 22, 7),
(743, 9, 23, 350),
(744, 9, 24, 0),
(745, 9, 25, 0),
(746, 9, 26, 0),
(747, 9, 27, 11),
(748, 9, 28, 0),
(749, 9, 29, 0),
(750, 9, 30, 0),
(751, 9, 31, 0),
(752, 9, 32, 0),
(753, 9, 33, 0),
(754, 9, 34, 8),
(755, 9, 35, 0),
(756, 9, 36, 0),
(757, 9, 37, 0),
(758, 9, 38, 2),
(759, 9, 39, 10),
(760, 9, 40, 11),
(761, 9, 41, 0),
(762, 9, 42, 0),
(763, 9, 43, 1),
(764, 9, 44, 0),
(765, 9, 45, 0),
(766, 9, 46, 24),
(767, 9, 47, 28),
(768, 9, 48, 8),
(769, 9, 49, 1),
(770, 9, 50, 0),
(771, 9, 51, 0),
(772, 9, 52, 0),
(773, 9, 53, 1),
(774, 9, 54, 0),
(775, 9, 55, 0),
(776, 9, 56, 0),
(777, 9, 57, 0),
(778, 9, 58, 0),
(779, 9, 59, 0),
(780, 9, 60, 0),
(781, 9, 61, 0),
(782, 9, 62, 0),
(783, 9, 63, 0),
(784, 9, 64, 12),
(785, 9, 65, 89),
(786, 9, 66, 0),
(787, 9, 67, 6),
(788, 9, 68, 4),
(789, 9, 69, 4),
(790, 9, 70, 2),
(791, 9, 71, 5),
(792, 9, 72, 66),
(793, 9, 73, 2),
(794, 9, 74, 7),
(795, 9, 75, 1),
(796, 9, 76, 0),
(797, 9, 77, 0),
(798, 9, 78, 0),
(799, 9, 79, 2),
(800, 9, 80, 0),
(801, 9, 81, 76),
(802, 9, 82, 0),
(803, 9, 83, 0),
(804, 9, 84, 283),
(805, 9, 85, 0),
(806, 9, 86, 1),
(807, 9, 87, 1),
(808, 9, 88, 991),
(809, 9, 89, 78),
(810, 9, 90, 0),
(811, 10, 1, 2459),
(812, 10, 2, 3443),
(813, 10, 3, 3815),
(814, 10, 4, 136),
(815, 10, 5, 169),
(816, 10, 6, 664),
(817, 10, 7, 12),
(818, 10, 8, 3),
(819, 10, 9, 0),
(820, 10, 10, 0),
(821, 10, 11, 1),
(822, 10, 12, 7),
(823, 10, 13, 4),
(824, 10, 14, 1),
(825, 10, 15, 5126),
(826, 10, 16, 24),
(827, 10, 17, 2),
(828, 10, 18, 9),
(829, 10, 19, 238),
(830, 10, 20, 0),
(831, 10, 21, 0),
(832, 10, 22, 0),
(833, 10, 23, 11),
(834, 10, 24, 0),
(835, 10, 25, 0),
(836, 10, 26, 0),
(837, 10, 27, 0),
(838, 10, 28, 0),
(839, 10, 29, 0),
(840, 10, 30, 7),
(841, 10, 31, 0),
(842, 10, 32, 0),
(843, 10, 33, 0),
(844, 10, 34, 1),
(845, 10, 35, 5),
(846, 10, 36, 12),
(847, 10, 37, 0),
(848, 10, 38, 0),
(849, 10, 39, 0),
(850, 10, 40, 0),
(851, 10, 41, 0),
(852, 10, 42, 10),
(853, 10, 43, 1),
(854, 10, 44, 7),
(855, 10, 45, 0),
(856, 10, 46, 0),
(857, 10, 47, 0),
(858, 10, 48, 0),
(859, 10, 49, 0),
(860, 10, 50, 0),
(861, 10, 51, 0),
(862, 10, 52, 0),
(863, 10, 53, 0),
(864, 10, 54, 0),
(865, 10, 55, 0),
(866, 10, 56, 0),
(867, 10, 57, 0),
(868, 10, 58, 0),
(869, 10, 59, 0),
(870, 10, 60, 0),
(871, 10, 61, 0),
(872, 10, 62, 1),
(873, 10, 63, 0),
(874, 10, 64, 12),
(875, 10, 65, 62),
(876, 10, 66, 0),
(877, 10, 67, 13),
(878, 10, 68, 6),
(879, 10, 69, 3),
(880, 10, 70, 0),
(881, 10, 71, 3),
(882, 10, 72, 64),
(883, 10, 73, 7),
(884, 10, 74, 7),
(885, 10, 75, 0),
(886, 10, 76, 0),
(887, 10, 77, 0),
(888, 10, 78, 0),
(889, 10, 79, 4),
(890, 10, 80, 0),
(891, 10, 81, 87),
(892, 10, 82, 0),
(893, 10, 83, 1),
(894, 10, 84, 119),
(895, 10, 85, 0),
(896, 10, 86, 0),
(897, 10, 87, 0),
(898, 10, 88, 930),
(899, 10, 89, 134),
(900, 10, 90, 1),
(901, 11, 1, 1674),
(902, 11, 2, 2594),
(903, 11, 3, 2820),
(904, 11, 4, 63),
(905, 11, 5, 72),
(906, 11, 6, 9),
(907, 11, 7, 5),
(908, 11, 8, 0),
(909, 11, 9, 1),
(910, 11, 10, 0),
(911, 11, 11, 0),
(912, 11, 12, 1),
(913, 11, 13, 4),
(914, 11, 14, 0),
(915, 11, 15, 3597),
(916, 11, 16, 17),
(917, 11, 17, 1),
(918, 11, 18, 2),
(919, 11, 19, 301),
(920, 11, 20, 0),
(921, 11, 21, 0),
(922, 11, 22, 0),
(923, 11, 23, 1),
(924, 11, 24, 0),
(925, 11, 25, 0),
(926, 11, 26, 0),
(927, 11, 27, 0),
(928, 11, 28, 0),
(929, 11, 29, 0),
(930, 11, 30, 1),
(931, 11, 31, 0),
(932, 11, 32, 0),
(933, 11, 33, 0),
(934, 11, 34, 0),
(935, 11, 35, 1),
(936, 11, 36, 11),
(937, 11, 37, 0),
(938, 11, 38, 0),
(939, 11, 39, 0),
(940, 11, 40, 1),
(941, 11, 41, 0),
(942, 11, 42, 7),
(943, 11, 43, 0),
(944, 11, 44, 3),
(945, 11, 45, 0),
(946, 11, 46, 0),
(947, 11, 47, 0),
(948, 11, 48, 1),
(949, 11, 49, 1),
(950, 11, 50, 0),
(951, 11, 51, 0),
(952, 11, 52, 0),
(953, 11, 53, 0),
(954, 11, 54, 0),
(955, 11, 55, 0),
(956, 11, 56, 0),
(957, 11, 57, 0),
(958, 11, 58, 0),
(959, 11, 59, 0),
(960, 11, 60, 0),
(961, 11, 61, 0),
(962, 11, 62, 0),
(963, 11, 63, 0),
(964, 11, 64, 13),
(965, 11, 65, 29),
(966, 11, 66, 0),
(967, 11, 67, 7),
(968, 11, 68, 0),
(969, 11, 69, 0),
(970, 11, 70, 0),
(971, 11, 71, 1),
(972, 11, 72, 23),
(973, 11, 73, 1),
(974, 11, 74, 1),
(975, 11, 75, 0),
(976, 11, 76, 0),
(977, 11, 77, 0),
(978, 11, 78, 0),
(979, 11, 79, 1),
(980, 11, 80, 0),
(981, 11, 81, 36),
(982, 11, 82, 0),
(983, 11, 83, 0),
(984, 11, 84, 177),
(985, 11, 85, 0),
(986, 11, 86, 0),
(987, 11, 87, 25),
(988, 11, 88, 696),
(989, 11, 89, 83),
(990, 11, 90, 0),
(991, 12, 1, 4172),
(992, 12, 2, 5238),
(993, 12, 3, 5622),
(994, 12, 4, 137),
(995, 12, 5, 205),
(996, 12, 6, 415),
(997, 12, 7, 15),
(998, 12, 8, 0),
(999, 12, 9, 0),
(1000, 12, 10, 0),
(1001, 12, 11, 0),
(1002, 12, 12, 4),
(1003, 12, 13, 3),
(1004, 12, 14, 2),
(1005, 12, 15, 7082),
(1006, 12, 16, 32),
(1007, 12, 17, 0),
(1008, 12, 18, 12),
(1009, 12, 19, 438),
(1010, 12, 20, 0),
(1011, 12, 21, 0),
(1012, 12, 22, 0),
(1013, 12, 23, 6),
(1014, 12, 24, 1),
(1015, 12, 25, 0),
(1016, 12, 26, 0),
(1017, 12, 27, 0),
(1018, 12, 28, 0),
(1019, 12, 29, 0),
(1020, 12, 30, 23),
(1021, 12, 31, 2),
(1022, 12, 32, 0),
(1023, 12, 33, 0),
(1024, 12, 34, 0),
(1025, 12, 35, 8),
(1026, 12, 36, 4),
(1027, 12, 37, 0),
(1028, 12, 38, 0),
(1029, 12, 39, 1),
(1030, 12, 40, 0),
(1031, 12, 41, 0),
(1032, 12, 42, 7),
(1033, 12, 43, 0),
(1034, 12, 44, 11),
(1035, 12, 45, 2),
(1036, 12, 46, 0),
(1037, 12, 47, 0),
(1038, 12, 48, 0),
(1039, 12, 49, 0),
(1040, 12, 50, 0),
(1041, 12, 51, 0),
(1042, 12, 52, 0),
(1043, 12, 53, 0),
(1044, 12, 54, 0),
(1045, 12, 55, 0),
(1046, 12, 56, 0),
(1047, 12, 57, 0),
(1048, 12, 58, 0),
(1049, 12, 59, 0),
(1050, 12, 60, 0),
(1051, 12, 61, 0),
(1052, 12, 62, 0),
(1053, 12, 63, 0),
(1054, 12, 64, 8),
(1055, 12, 65, 138),
(1056, 12, 66, 0),
(1057, 12, 67, 0),
(1058, 12, 68, 2),
(1059, 12, 69, 0),
(1060, 12, 70, 0),
(1061, 12, 71, 3),
(1062, 12, 72, 30),
(1063, 12, 73, 6),
(1064, 12, 74, 10),
(1065, 12, 75, 0),
(1066, 12, 76, 1),
(1067, 12, 77, 0),
(1068, 12, 78, 0),
(1069, 12, 79, 0),
(1070, 12, 80, 0),
(1071, 12, 81, 180),
(1072, 12, 82, 0),
(1073, 12, 83, 0),
(1074, 12, 84, 387),
(1075, 12, 85, 0),
(1076, 12, 86, 0),
(1077, 12, 87, 2),
(1078, 12, 88, 1203),
(1079, 12, 89, 167),
(1080, 12, 90, 0),
(1081, 13, 1, 2155),
(1082, 13, 2, 3440),
(1083, 13, 3, 3334),
(1084, 13, 4, 65),
(1085, 13, 5, 64),
(1086, 13, 6, 67),
(1087, 13, 7, 4),
(1088, 13, 8, 0),
(1089, 13, 9, 1),
(1090, 13, 10, 0),
(1091, 13, 11, 1),
(1092, 13, 12, 2),
(1093, 13, 13, 1),
(1094, 13, 14, 0),
(1095, 13, 15, 4318),
(1096, 13, 16, 12),
(1097, 13, 17, 0),
(1098, 13, 18, 14),
(1099, 13, 19, 259),
(1100, 13, 20, 0),
(1101, 13, 21, 0),
(1102, 13, 22, 0),
(1103, 13, 23, 6),
(1104, 13, 24, 0),
(1105, 13, 25, 0),
(1106, 13, 26, 0),
(1107, 13, 27, 0),
(1108, 13, 28, 0),
(1109, 13, 29, 0),
(1110, 13, 30, 2),
(1111, 13, 31, 0),
(1112, 13, 32, 0),
(1113, 13, 33, 0),
(1114, 13, 34, 0),
(1115, 13, 35, 5),
(1116, 13, 36, 0),
(1117, 13, 37, 1),
(1118, 13, 38, 0),
(1119, 13, 39, 0),
(1120, 13, 40, 2),
(1121, 13, 41, 0),
(1122, 13, 42, 22),
(1123, 13, 43, 8),
(1124, 13, 44, 3),
(1125, 13, 45, 0),
(1126, 13, 46, 0),
(1127, 13, 47, 0),
(1128, 13, 48, 0),
(1129, 13, 49, 0),
(1130, 13, 50, 0),
(1131, 13, 51, 0),
(1132, 13, 52, 0),
(1133, 13, 53, 0),
(1134, 13, 54, 0),
(1135, 13, 55, 0),
(1136, 13, 56, 0),
(1137, 13, 57, 0),
(1138, 13, 58, 0),
(1139, 13, 59, 0),
(1140, 13, 60, 0),
(1141, 13, 61, 0),
(1142, 13, 62, 0),
(1143, 13, 63, 0),
(1144, 13, 64, 11),
(1145, 13, 65, 63),
(1146, 13, 66, 0),
(1147, 13, 67, 7),
(1148, 13, 68, 5),
(1149, 13, 69, 2),
(1150, 13, 70, 0),
(1151, 13, 71, 3),
(1152, 13, 72, 63),
(1153, 13, 73, 0),
(1154, 13, 74, 2),
(1155, 13, 75, 0),
(1156, 13, 76, 0),
(1157, 13, 77, 0),
(1158, 13, 78, 0),
(1159, 13, 79, 0),
(1160, 13, 80, 1),
(1161, 13, 81, 73),
(1162, 13, 82, 0),
(1163, 13, 83, 0),
(1164, 13, 84, 421),
(1165, 13, 85, 0),
(1166, 13, 86, 0),
(1167, 13, 87, 21),
(1168, 13, 88, 1071),
(1169, 13, 89, 96),
(1170, 13, 90, 0),
(1171, 14, 1, 4912),
(1172, 14, 2, 7286),
(1173, 14, 3, 7361),
(1174, 14, 4, 57),
(1175, 14, 5, 83),
(1176, 14, 6, 23),
(1177, 14, 7, 16),
(1178, 14, 8, 5),
(1179, 14, 9, 0),
(1180, 14, 10, 0),
(1181, 14, 11, 0),
(1182, 14, 12, 1),
(1183, 14, 13, 1),
(1184, 14, 14, 0),
(1185, 14, 15, 9204),
(1186, 14, 16, 11),
(1187, 14, 17, 1),
(1188, 14, 18, 4),
(1189, 14, 19, 117),
(1190, 14, 20, 0),
(1191, 14, 21, 0),
(1192, 14, 22, 0),
(1193, 14, 23, 6),
(1194, 14, 24, 0),
(1195, 14, 25, 0),
(1196, 14, 26, 0),
(1197, 14, 27, 0),
(1198, 14, 28, 0),
(1199, 14, 29, 0),
(1200, 14, 30, 8),
(1201, 14, 31, 0),
(1202, 14, 32, 0),
(1203, 14, 33, 0),
(1204, 14, 34, 0),
(1205, 14, 35, 8),
(1206, 14, 36, 2),
(1207, 14, 37, 0),
(1208, 14, 38, 0),
(1209, 14, 39, 0),
(1210, 14, 40, 0),
(1211, 14, 41, 0),
(1212, 14, 42, 8),
(1213, 14, 43, 0),
(1214, 14, 44, 6),
(1215, 14, 45, 0),
(1216, 14, 46, 0),
(1217, 14, 47, 0),
(1218, 14, 48, 1),
(1219, 14, 49, 0),
(1220, 14, 50, 0),
(1221, 14, 51, 0),
(1222, 14, 52, 0),
(1223, 14, 53, 0),
(1224, 14, 54, 0),
(1225, 14, 55, 0),
(1226, 14, 56, 0),
(1227, 14, 57, 0),
(1228, 14, 58, 0),
(1229, 14, 59, 0),
(1230, 14, 60, 0),
(1231, 14, 61, 0),
(1232, 14, 62, 0),
(1233, 14, 63, 0),
(1234, 14, 64, 3),
(1235, 14, 65, 123),
(1236, 14, 66, 0),
(1237, 14, 67, 4),
(1238, 14, 68, 1),
(1239, 14, 69, 0),
(1240, 14, 70, 0),
(1241, 14, 71, 0),
(1242, 14, 72, 33),
(1243, 14, 73, 3),
(1244, 14, 74, 10),
(1245, 14, 75, 1),
(1246, 14, 76, 0),
(1247, 14, 77, 1),
(1248, 14, 78, 0),
(1249, 14, 79, 4),
(1250, 14, 80, 0),
(1251, 14, 81, 96),
(1252, 14, 82, 0),
(1253, 14, 83, 0),
(1254, 14, 84, 201),
(1255, 14, 85, 0),
(1256, 14, 86, 0),
(1257, 14, 87, 1),
(1258, 14, 88, 2306),
(1259, 14, 89, 180),
(1260, 14, 90, 0),
(1261, 15, 1, 3908),
(1262, 15, 2, 6149),
(1263, 15, 3, 6186),
(1264, 15, 4, 123),
(1265, 15, 5, 67),
(1266, 15, 6, 23),
(1267, 15, 7, 14),
(1268, 15, 8, 0),
(1269, 15, 9, 0),
(1270, 15, 10, 0),
(1271, 15, 11, 1),
(1272, 15, 12, 6),
(1273, 15, 13, 4),
(1274, 15, 14, 6),
(1275, 15, 15, 8151),
(1276, 15, 16, 9),
(1277, 15, 17, 0),
(1278, 15, 18, 5),
(1279, 15, 19, 701),
(1280, 15, 20, 1),
(1281, 15, 21, 0),
(1282, 15, 22, 0),
(1283, 15, 23, 2),
(1284, 15, 24, 0),
(1285, 15, 25, 0),
(1286, 15, 26, 0),
(1287, 15, 27, 0),
(1288, 15, 28, 0),
(1289, 15, 29, 0),
(1290, 15, 30, 17),
(1291, 15, 31, 0),
(1292, 15, 32, 2),
(1293, 15, 33, 0),
(1294, 15, 34, 1),
(1295, 15, 35, 7),
(1296, 15, 36, 10),
(1297, 15, 37, 1),
(1298, 15, 38, 0),
(1299, 15, 39, 0),
(1300, 15, 40, 0),
(1301, 15, 41, 0),
(1302, 15, 42, 20),
(1303, 15, 43, 0),
(1304, 15, 44, 7),
(1305, 15, 45, 1),
(1306, 15, 46, 0),
(1307, 15, 47, 0),
(1308, 15, 48, 0),
(1309, 15, 49, 0),
(1310, 15, 50, 0),
(1311, 15, 51, 0),
(1312, 15, 52, 0),
(1313, 15, 53, 0),
(1314, 15, 54, 0),
(1315, 15, 55, 0),
(1316, 15, 56, 0),
(1317, 15, 57, 0),
(1318, 15, 58, 0),
(1319, 15, 59, 0),
(1320, 15, 60, 0),
(1321, 15, 61, 0),
(1322, 15, 62, 0),
(1323, 15, 63, 0),
(1324, 15, 64, 11),
(1325, 15, 65, 100),
(1326, 15, 66, 0),
(1327, 15, 67, 6),
(1328, 15, 68, 0),
(1329, 15, 69, 0),
(1330, 15, 70, 1),
(1331, 15, 71, 3),
(1332, 15, 72, 36),
(1333, 15, 73, 1),
(1334, 15, 74, 11),
(1335, 15, 75, 0),
(1336, 15, 76, 0),
(1337, 15, 77, 0),
(1338, 15, 78, 0),
(1339, 15, 79, 4),
(1340, 15, 80, 0),
(1341, 15, 81, 160),
(1342, 15, 82, 0),
(1343, 15, 83, 0),
(1344, 15, 84, 297),
(1345, 15, 85, 0),
(1346, 15, 86, 0),
(1347, 15, 87, 11),
(1348, 15, 88, 1718),
(1349, 15, 89, 141),
(1350, 15, 90, 0),
(1351, 16, 1, 2535),
(1352, 16, 2, 4219),
(1353, 16, 3, 4449),
(1354, 16, 4, 228),
(1355, 16, 5, 96),
(1356, 16, 6, 26),
(1357, 16, 7, 5),
(1358, 16, 8, 1),
(1359, 16, 9, 0),
(1360, 16, 10, 0),
(1361, 16, 11, 1),
(1362, 16, 12, 9),
(1363, 16, 13, 0),
(1364, 16, 14, 0),
(1365, 16, 15, 5934),
(1366, 16, 16, 52),
(1367, 16, 17, 0),
(1368, 16, 18, 2),
(1369, 16, 19, 441),
(1370, 16, 20, 0),
(1371, 16, 21, 0),
(1372, 16, 22, 0),
(1373, 16, 23, 7),
(1374, 16, 24, 0),
(1375, 16, 25, 0),
(1376, 16, 26, 0),
(1377, 16, 27, 0),
(1378, 16, 28, 0),
(1379, 16, 29, 0),
(1380, 16, 30, 12),
(1381, 16, 31, 0),
(1382, 16, 32, 0),
(1383, 16, 33, 0),
(1384, 16, 34, 0),
(1385, 16, 35, 3),
(1386, 16, 36, 6),
(1387, 16, 37, 0),
(1388, 16, 38, 0),
(1389, 16, 39, 0),
(1390, 16, 40, 1),
(1391, 16, 41, 0),
(1392, 16, 42, 15),
(1393, 16, 43, 0),
(1394, 16, 44, 14),
(1395, 16, 45, 0),
(1396, 16, 46, 0),
(1397, 16, 47, 0),
(1398, 16, 48, 0),
(1399, 16, 49, 0),
(1400, 16, 50, 0),
(1401, 16, 51, 0),
(1402, 16, 52, 0),
(1403, 16, 53, 0),
(1404, 16, 54, 0),
(1405, 16, 55, 0),
(1406, 16, 56, 0),
(1407, 16, 57, 0),
(1408, 16, 58, 0),
(1409, 16, 59, 0),
(1410, 16, 60, 0),
(1411, 16, 61, 0),
(1412, 16, 62, 0),
(1413, 16, 63, 0),
(1414, 16, 64, 12),
(1415, 16, 65, 87),
(1416, 16, 66, 8),
(1417, 16, 67, 14),
(1418, 16, 68, 1),
(1419, 16, 69, 2),
(1420, 16, 70, 0),
(1421, 16, 71, 2),
(1422, 16, 72, 68),
(1423, 16, 73, 0),
(1424, 16, 74, 4),
(1425, 16, 75, 1),
(1426, 16, 76, 0),
(1427, 16, 77, 0),
(1428, 16, 78, 0),
(1429, 16, 79, 7),
(1430, 16, 80, 1),
(1431, 16, 81, 49),
(1432, 16, 82, 0),
(1433, 16, 83, 0),
(1434, 16, 84, 222),
(1435, 16, 85, 0),
(1436, 16, 86, 0),
(1437, 16, 87, 0),
(1438, 16, 88, 1103),
(1439, 16, 89, 99),
(1440, 16, 90, 0),
(1441, 17, 1, 5357),
(1442, 17, 2, 7134),
(1443, 17, 3, 7130),
(1444, 17, 4, 125),
(1445, 17, 5, 47),
(1446, 17, 6, 11),
(1447, 17, 7, 7),
(1448, 17, 8, 0),
(1449, 17, 9, 1),
(1450, 17, 10, 0),
(1451, 17, 11, 1),
(1452, 17, 12, 15),
(1453, 17, 13, 10),
(1454, 17, 14, 3),
(1455, 17, 15, 11280),
(1456, 17, 16, 9),
(1457, 17, 17, 1),
(1458, 17, 18, 1),
(1459, 17, 19, 699),
(1460, 17, 20, 0),
(1461, 17, 21, 1),
(1462, 17, 22, 0),
(1463, 17, 23, 2),
(1464, 17, 24, 1),
(1465, 17, 25, 0),
(1466, 17, 26, 0),
(1467, 17, 27, 1),
(1468, 17, 28, 0),
(1469, 17, 29, 1),
(1470, 17, 30, 10),
(1471, 17, 31, 1),
(1472, 17, 32, 0),
(1473, 17, 33, 0),
(1474, 17, 34, 0),
(1475, 17, 35, 9),
(1476, 17, 36, 5),
(1477, 17, 37, 1),
(1478, 17, 38, 0),
(1479, 17, 39, 0),
(1480, 17, 40, 0),
(1481, 17, 41, 0),
(1482, 17, 42, 3),
(1483, 17, 43, 0),
(1484, 17, 44, 7),
(1485, 17, 45, 2),
(1486, 17, 46, 0),
(1487, 17, 47, 0),
(1488, 17, 48, 0),
(1489, 17, 49, 0),
(1490, 17, 50, 0),
(1491, 17, 51, 0),
(1492, 17, 52, 0),
(1493, 17, 53, 0),
(1494, 17, 54, 0),
(1495, 17, 55, 0),
(1496, 17, 56, 0),
(1497, 17, 57, 0),
(1498, 17, 58, 0),
(1499, 17, 59, 0),
(1500, 17, 60, 0),
(1501, 17, 61, 0),
(1502, 17, 62, 0),
(1503, 17, 63, 0),
(1504, 17, 64, 4),
(1505, 17, 65, 69),
(1506, 17, 66, 0),
(1507, 17, 67, 5),
(1508, 17, 68, 0),
(1509, 17, 69, 0),
(1510, 17, 70, 0),
(1511, 17, 71, 0),
(1512, 17, 72, 34),
(1513, 17, 73, 4),
(1514, 17, 74, 16),
(1515, 17, 75, 2),
(1516, 17, 76, 0),
(1517, 17, 77, 0),
(1518, 17, 78, 0),
(1519, 17, 79, 6),
(1520, 17, 80, 0),
(1521, 17, 81, 85),
(1522, 17, 82, 0),
(1523, 17, 83, 0),
(1524, 17, 84, 271),
(1525, 17, 85, 0),
(1526, 17, 86, 0),
(1527, 17, 87, 0),
(1528, 17, 88, 2911),
(1529, 17, 89, 263),
(1530, 17, 90, 0),
(1531, 18, 1, 4293),
(1532, 18, 2, 5170),
(1533, 18, 3, 5322),
(1534, 18, 4, 192),
(1535, 18, 5, 133),
(1536, 18, 6, 26),
(1537, 18, 7, 11),
(1538, 18, 8, 65),
(1539, 18, 9, 2),
(1540, 18, 10, 0),
(1541, 18, 11, 0),
(1542, 18, 12, 5),
(1543, 18, 13, 8),
(1544, 18, 14, 8),
(1545, 18, 15, 7052),
(1546, 18, 16, 23),
(1547, 18, 17, 6),
(1548, 18, 18, 7),
(1549, 18, 19, 680),
(1550, 18, 20, 0),
(1551, 18, 21, 0),
(1552, 18, 22, 0),
(1553, 18, 23, 4),
(1554, 18, 24, 0),
(1555, 18, 25, 0),
(1556, 18, 26, 0),
(1557, 18, 27, 0),
(1558, 18, 28, 0),
(1559, 18, 29, 0),
(1560, 18, 30, 5),
(1561, 18, 31, 0),
(1562, 18, 32, 0),
(1563, 18, 33, 0),
(1564, 18, 34, 1),
(1565, 18, 35, 7),
(1566, 18, 36, 4),
(1567, 18, 37, 0),
(1568, 18, 38, 0),
(1569, 18, 39, 0),
(1570, 18, 40, 0),
(1571, 18, 41, 0),
(1572, 18, 42, 14),
(1573, 18, 43, 0),
(1574, 18, 44, 12),
(1575, 18, 45, 0),
(1576, 18, 46, 0),
(1577, 18, 47, 0),
(1578, 18, 48, 0),
(1579, 18, 49, 0),
(1580, 18, 50, 0),
(1581, 18, 51, 0),
(1582, 18, 52, 0),
(1583, 18, 53, 0),
(1584, 18, 54, 0),
(1585, 18, 55, 0),
(1586, 18, 56, 0),
(1587, 18, 57, 0),
(1588, 18, 58, 0),
(1589, 18, 59, 0),
(1590, 18, 60, 0),
(1591, 18, 61, 1),
(1592, 18, 62, 0),
(1593, 18, 63, 0),
(1594, 18, 64, 9),
(1595, 18, 65, 125),
(1596, 18, 66, 0),
(1597, 18, 67, 6),
(1598, 18, 68, 2),
(1599, 18, 69, 3),
(1600, 18, 70, 1),
(1601, 18, 71, 4),
(1602, 18, 72, 39),
(1603, 18, 73, 6),
(1604, 18, 74, 4),
(1605, 18, 75, 0),
(1606, 18, 76, 0),
(1607, 18, 77, 0),
(1608, 18, 78, 0),
(1609, 18, 79, 1),
(1610, 18, 80, 0),
(1611, 18, 81, 107),
(1612, 18, 82, 0),
(1613, 18, 83, 0),
(1614, 18, 84, 264),
(1615, 18, 85, 1),
(1616, 18, 86, 0),
(1617, 18, 87, 0),
(1618, 18, 88, 1410),
(1619, 18, 89, 190),
(1620, 18, 90, 0),
(1621, 19, 1, 5570),
(1622, 19, 2, 6297),
(1623, 19, 3, 7448),
(1624, 19, 4, 300),
(1625, 19, 5, 306),
(1626, 19, 6, 33),
(1627, 19, 7, 22),
(1628, 19, 8, 26),
(1629, 19, 9, 1),
(1630, 19, 10, 0),
(1631, 19, 11, 1),
(1632, 19, 12, 9),
(1633, 19, 13, 1),
(1634, 19, 14, 0),
(1635, 19, 15, 9434),
(1636, 19, 16, 68),
(1637, 19, 17, 2),
(1638, 19, 18, 24),
(1639, 19, 19, 397),
(1640, 19, 20, 0),
(1641, 19, 21, 0),
(1642, 19, 22, 0),
(1643, 19, 23, 1),
(1644, 19, 24, 0),
(1645, 19, 25, 0),
(1646, 19, 26, 0),
(1647, 19, 27, 0),
(1648, 19, 28, 0),
(1649, 19, 29, 0),
(1650, 19, 30, 8),
(1651, 19, 31, 0),
(1652, 19, 32, 0),
(1653, 19, 33, 0),
(1654, 19, 34, 0),
(1655, 19, 35, 5),
(1656, 19, 36, 6),
(1657, 19, 37, 0),
(1658, 19, 38, 0),
(1659, 19, 39, 0),
(1660, 19, 40, 0),
(1661, 19, 41, 0),
(1662, 19, 42, 17),
(1663, 19, 43, 0),
(1664, 19, 44, 14),
(1665, 19, 45, 0),
(1666, 19, 46, 0),
(1667, 19, 47, 0),
(1668, 19, 48, 0),
(1669, 19, 49, 0),
(1670, 19, 50, 0),
(1671, 19, 51, 0),
(1672, 19, 52, 0),
(1673, 19, 53, 6),
(1674, 19, 54, 0),
(1675, 19, 55, 0),
(1676, 19, 56, 0),
(1677, 19, 57, 0),
(1678, 19, 58, 0),
(1679, 19, 59, 0),
(1680, 19, 60, 0),
(1681, 19, 61, 0),
(1682, 19, 62, 0),
(1683, 19, 63, 0),
(1684, 19, 64, 18),
(1685, 19, 65, 174),
(1686, 19, 66, 1),
(1687, 19, 67, 11),
(1688, 19, 68, 0),
(1689, 19, 69, 0),
(1690, 19, 70, 1),
(1691, 19, 71, 3),
(1692, 19, 72, 38),
(1693, 19, 73, 8),
(1694, 19, 74, 8),
(1695, 19, 75, 1),
(1696, 19, 76, 0),
(1697, 19, 77, 0),
(1698, 19, 78, 0),
(1699, 19, 79, 11),
(1700, 19, 80, 0),
(1701, 19, 81, 99),
(1702, 19, 82, 0),
(1703, 19, 83, 0),
(1704, 19, 84, 288),
(1705, 19, 85, 0),
(1706, 19, 86, 0),
(1707, 19, 87, 0),
(1708, 19, 88, 1507),
(1709, 19, 89, 201),
(1710, 19, 90, 0),
(1711, 20, 1, 4036),
(1712, 20, 2, 5328),
(1713, 20, 3, 6378),
(1714, 20, 4, 305),
(1715, 20, 5, 358),
(1716, 20, 6, 36),
(1717, 20, 7, 13),
(1718, 20, 8, 1),
(1719, 20, 9, 0),
(1720, 20, 10, 0),
(1721, 20, 11, 1),
(1722, 20, 12, 4),
(1723, 20, 13, 1),
(1724, 20, 14, 12),
(1725, 20, 15, 7125),
(1726, 20, 16, 74),
(1727, 20, 17, 8),
(1728, 20, 18, 21),
(1729, 20, 19, 926),
(1730, 20, 20, 0),
(1731, 20, 21, 1),
(1732, 20, 22, 0),
(1733, 20, 23, 4),
(1734, 20, 24, 0),
(1735, 20, 25, 0),
(1736, 20, 26, 0),
(1737, 20, 27, 0),
(1738, 20, 28, 0),
(1739, 20, 29, 0),
(1740, 20, 30, 13),
(1741, 20, 31, 0),
(1742, 20, 32, 0),
(1743, 20, 33, 0),
(1744, 20, 34, 0),
(1745, 20, 35, 8),
(1746, 20, 36, 11),
(1747, 20, 37, 0),
(1748, 20, 38, 0),
(1749, 20, 39, 0),
(1750, 20, 40, 0),
(1751, 20, 41, 0),
(1752, 20, 42, 2),
(1753, 20, 43, 0),
(1754, 20, 44, 12),
(1755, 20, 45, 1),
(1756, 20, 46, 0),
(1757, 20, 47, 0),
(1758, 20, 48, 1),
(1759, 20, 49, 0),
(1760, 20, 50, 0),
(1761, 20, 51, 0),
(1762, 20, 52, 0),
(1763, 20, 53, 0),
(1764, 20, 54, 0),
(1765, 20, 55, 0),
(1766, 20, 56, 0),
(1767, 20, 57, 0),
(1768, 20, 58, 0),
(1769, 20, 59, 0),
(1770, 20, 60, 0),
(1771, 20, 61, 0),
(1772, 20, 62, 0),
(1773, 20, 63, 0),
(1774, 20, 64, 21),
(1775, 20, 65, 259),
(1776, 20, 66, 2),
(1777, 20, 67, 6),
(1778, 20, 68, 3),
(1779, 20, 69, 2),
(1780, 20, 70, 0),
(1781, 20, 71, 2),
(1782, 20, 72, 29),
(1783, 20, 73, 5),
(1784, 20, 74, 21),
(1785, 20, 75, 1),
(1786, 20, 76, 0),
(1787, 20, 77, 0),
(1788, 20, 78, 0),
(1789, 20, 79, 7),
(1790, 20, 80, 0),
(1791, 20, 81, 102),
(1792, 20, 82, 0),
(1793, 20, 83, 0),
(1794, 20, 84, 339),
(1795, 20, 85, 0),
(1796, 20, 86, 0),
(1797, 20, 87, 0),
(1798, 20, 88, 1616),
(1799, 20, 89, 152),
(1800, 20, 90, 0);

-- --------------------------------------------------------

--
-- Struktur dari tabel `pekerjaan`
--

CREATE TABLE `pekerjaan` (
  `id` int(11) NOT NULL,
  `nama` varchar(35) NOT NULL
) ENGINE=InnoDB DEFAULT CHARSET=latin1;

--
-- Dumping data untuk tabel `pekerjaan`
--

INSERT INTO `pekerjaan` (`id`, `nama`) VALUES
(1, 'belum tidak bekerja'),
(2, 'mengurus rumah tangga'),
(3, 'pelajar mahasiswa'),
(4, 'pensiunan'),
(5, 'pegawai negeri sipil'),
(6, 'tentara nasional indonesia'),
(7, 'kepolisian ri'),
(8, 'perdagangan'),
(9, 'petani pekebun'),
(10, 'peternak'),
(11, 'nelayan perikanan'),
(12, 'industri'),
(13, 'konstruksi'),
(14, 'transportasi'),
(15, 'karyawan swasta'),
(16, 'karyawan bumn'),
(17, 'karyawan bumd'),
(18, 'karyawan honorer'),
(19, 'buruh harian lepas'),
(20, 'buruh tani perkebunan'),
(21, 'buruh nelayan perikanan'),
(22, 'buruh peternakan'),
(23, 'pembantu rumah tangga'),
(24, 'tukang cukur'),
(25, 'tukang listrik'),
(26, 'tukang batu'),
(27, 'tukang kayu'),
(28, 'tukang sol sepatu'),
(29, 'tukang las pandai besi'),
(30, 'tukang jahit'),
(31, 'tukang gigi'),
(32, 'penata rias'),
(33, 'penata busana'),
(34, 'penata rambut'),
(35, 'mekanik'),
(36, 'seniman'),
(37, 'tabib'),
(38, 'paraji'),
(39, 'perancang busana'),
(40, 'penterjemah'),
(41, 'imam mesjid'),
(42, 'pendeta'),
(43, 'pastor'),
(44, 'wartawan'),
(45, 'ustadz mubaligh'),
(46, 'juru masak'),
(47, 'promotor acara'),
(48, 'anggota dpr ri'),
(49, 'anggota dpd'),
(50, 'anggota bpk'),
(51, 'presiden'),
(52, 'wakil presiden'),
(53, 'anggota mahkamah konstitusi'),
(54, 'anggota kabinet kementerian'),
(55, 'duta besar'),
(56, 'gubernur'),
(57, 'wakil gubernur'),
(58, 'bupati'),
(59, 'wakil bupati'),
(60, 'walikota'),
(61, 'wakil walikota'),
(62, 'anggota dprd provinsi'),
(63, 'anggota dprd kabupaten kota'),
(64, 'dosen'),
(65, 'guru'),
(66, 'pilot'),
(67, 'pengacara'),
(68, 'notaris'),
(69, 'arsitek'),
(70, 'akuntan'),
(71, 'konsultan'),
(72, 'dokter'),
(73, 'bidan'),
(74, 'perawat'),
(75, 'apoteker'),
(76, 'psikiater psikolog'),
(77, 'penyiar televisi'),
(78, 'penyiar radio'),
(79, 'pelaut'),
(80, 'peneliti'),
(81, 'sopir'),
(82, 'pialang'),
(83, 'paranormal'),
(84, 'pedagang'),
(85, 'perangkat desa'),
(86, 'kepala desa'),
(87, 'biarawati'),
(88, 'wiraswasta'),
(89, 'lainnya'),
(90, 'hakim');

--
-- Indexes for dumped tables
--

--
-- Indeks untuk tabel `daerah`
--
ALTER TABLE `daerah`
  ADD PRIMARY KEY (`id`);

--
-- Indeks untuk tabel `distribusi`
--
ALTER TABLE `distribusi`
  ADD PRIMARY KEY (`id`),
  ADD KEY `daerah_id` (`daerah_id`),
  ADD KEY `pekerjaan_id` (`pekerjaan_id`);

--
-- Indeks untuk tabel `pekerjaan`
--
ALTER TABLE `pekerjaan`
  ADD PRIMARY KEY (`id`);

--
-- AUTO_INCREMENT untuk tabel yang dibuang
--

--
-- AUTO_INCREMENT untuk tabel `daerah`
--
ALTER TABLE `daerah`
  MODIFY `id` int(11) NOT NULL AUTO_INCREMENT, AUTO_INCREMENT=51;

--
-- AUTO_INCREMENT untuk tabel `distribusi`
--
ALTER TABLE `distribusi`
  MODIFY `id` int(11) NOT NULL AUTO_INCREMENT, AUTO_INCREMENT=1801;

--
-- AUTO_INCREMENT untuk tabel `pekerjaan`
--
ALTER TABLE `pekerjaan`
  MODIFY `id` int(11) NOT NULL AUTO_INCREMENT, AUTO_INCREMENT=91;

--
-- Ketidakleluasaan untuk tabel pelimpahan (Dumped Tables)
--

--
-- Ketidakleluasaan untuk tabel `distribusi`
--
ALTER TABLE `distribusi`
  ADD CONSTRAINT `distribusi_ibfk_1` FOREIGN KEY (`daerah_id`) REFERENCES `daerah` (`id`),
  ADD CONSTRAINT `distribusi_ibfk_2` FOREIGN KEY (`pekerjaan_id`) REFERENCES `pekerjaan` (`id`);
COMMIT;

/*!40101 SET CHARACTER_SET_CLIENT=@OLD_CHARACTER_SET_CLIENT */;
/*!40101 SET CHARACTER_SET_RESULTS=@OLD_CHARACTER_SET_RESULTS */;
/*!40101 SET COLLATION_CONNECTION=@OLD_COLLATION_CONNECTION */;
