-- phpMyAdmin SQL Dump
-- version 4.8.4
-- https://www.phpmyadmin.net/
--
-- Host: 127.0.0.1
-- Waktu pembuatan: 22 Sep 2022 pada 02.07
-- Versi server: 10.1.37-MariaDB
-- Versi PHP: 7.3.0

SET SQL_MODE = "NO_AUTO_VALUE_ON_ZERO";
SET AUTOCOMMIT = 0;
START TRANSACTION;
SET time_zone = "+00:00";


/*!40101 SET @OLD_CHARACTER_SET_CLIENT=@@CHARACTER_SET_CLIENT */;
/*!40101 SET @OLD_CHARACTER_SET_RESULTS=@@CHARACTER_SET_RESULTS */;
/*!40101 SET @OLD_COLLATION_CONNECTION=@@COLLATION_CONNECTION */;
/*!40101 SET NAMES utf8mb4 */;

--
-- Database: `pendidikan`
--
CREATE DATABASE IF NOT EXISTS pendidikan;
USE pendidikan;;
-- --------------------------------------------------------

--
-- Struktur dari tabel `daerah`
--

CREATE TABLE `daerah` (
  `id` int(11) NOT NULL,
  `nama_provinsi` varchar(25) NOT NULL,
  `nama_kota` varchar(25) NOT NULL,
  `nama_kecamatan` varchar(25) NOT NULL,
  `nama_kelurahan` varchar(25) NOT NULL
) ENGINE=InnoDB DEFAULT CHARSET=latin1;

--
-- Dumping data untuk tabel `daerah`
--

INSERT INTO `daerah` (`id`, `nama_provinsi`, `nama_kota`, `nama_kecamatan`, `nama_kelurahan`) VALUES
(1, 'PROVINSI DKI JAKARTA', 'KAB.ADM.KEP.SERIBU', 'KEP. SERIBU UTR', 'P. PANGGANG'),
(2, 'PROVINSI DKI JAKARTA', 'KAB.ADM.KEP.SERIBU', 'KEP. SERIBU UTR', 'P. KELAPA'),
(3, 'PROVINSI DKI JAKARTA', 'KAB.ADM.KEP.SERIBU', 'KEP. SERIBU UTR', 'P. HARAPAN'),
(4, 'PROVINSI DKI JAKARTA', 'KAB.ADM.KEP.SERIBU', 'KEP. SERIBU SLT', 'P. UNTUNG JAWA'),
(5, 'PROVINSI DKI JAKARTA', 'KAB.ADM.KEP.SERIBU', 'KEP. SERIBU SLT', 'P. TIDUNG'),
(6, 'PROVINSI DKI JAKARTA', 'KAB.ADM.KEP.SERIBU', 'KEP. SERIBU SLT', 'P. PARI'),
(7, 'PROVINSI DKI JAKARTA', 'JAKARTA PUSAT', 'GAMBIR', 'GAMBIR'),
(8, 'PROVINSI DKI JAKARTA', 'JAKARTA PUSAT', 'GAMBIR', 'CIDENG'),
(9, 'PROVINSI DKI JAKARTA', 'JAKARTA PUSAT', 'GAMBIR', 'PETOJO UTARA'),
(10, 'PROVINSI DKI JAKARTA', 'JAKARTA PUSAT', 'GAMBIR', 'PETOJO SELATAN'),
(11, 'PROVINSI DKI JAKARTA', 'JAKARTA PUSAT', 'GAMBIR', 'KEBON KELAPA'),
(12, 'PROVINSI DKI JAKARTA', 'JAKARTA PUSAT', 'GAMBIR', 'DURI PULO'),
(13, 'PROVINSI DKI JAKARTA', 'JAKARTA PUSAT', 'SAWAH BESAR', 'PASAR BARU'),
(14, 'PROVINSI DKI JAKARTA', 'JAKARTA PUSAT', 'SAWAH BESAR', 'KARANG ANYAR'),
(15, 'PROVINSI DKI JAKARTA', 'JAKARTA PUSAT', 'SAWAH BESAR', 'KARTINI'),
(16, 'PROVINSI DKI JAKARTA', 'JAKARTA PUSAT', 'SAWAH BESAR', 'GUNUNG SAHARI UTARA'),
(17, 'PROVINSI DKI JAKARTA', 'JAKARTA PUSAT', 'SAWAH BESAR', 'MANGGA DUA SELATAN'),
(18, 'PROVINSI DKI JAKARTA', 'JAKARTA PUSAT', 'KEMAYORAN', 'KEMAYORAN'),
(19, 'PROVINSI DKI JAKARTA', 'JAKARTA PUSAT', 'KEMAYORAN', 'KEBON KOSONG'),
(20, 'PROVINSI DKI JAKARTA', 'JAKARTA PUSAT', 'KEMAYORAN', 'HARAPAN MULIA'),
(21, 'PROVINSI DKI JAKARTA', 'JAKARTA PUSAT', 'KEMAYORAN', 'SERDANG'),
(22, 'PROVINSI DKI JAKARTA', 'JAKARTA PUSAT', 'KEMAYORAN', 'GUNUNG SAHARI SELATAN'),
(23, 'PROVINSI DKI JAKARTA', 'JAKARTA PUSAT', 'KEMAYORAN', 'CEMPAKA BARU'),
(24, 'PROVINSI DKI JAKARTA', 'JAKARTA PUSAT', 'KEMAYORAN', 'SUMUR BATU'),
(25, 'PROVINSI DKI JAKARTA', 'JAKARTA PUSAT', 'KEMAYORAN', 'UTAN PANJANG'),
(26, 'PROVINSI DKI JAKARTA', 'JAKARTA PUSAT', 'SENEN', 'SENEN'),
(27, 'PROVINSI DKI JAKARTA', 'JAKARTA PUSAT', 'SENEN', 'KENARI'),
(28, 'PROVINSI DKI JAKARTA', 'JAKARTA PUSAT', 'SENEN', 'PASEBAN'),
(29, 'PROVINSI DKI JAKARTA', 'JAKARTA PUSAT', 'SENEN', 'KRAMAT'),
(30, 'PROVINSI DKI JAKARTA', 'JAKARTA PUSAT', 'SENEN', 'KWITANG'),
(31, 'PROVINSI DKI JAKARTA', 'JAKARTA PUSAT', 'SENEN', 'BUNGUR'),
(32, 'PROVINSI DKI JAKARTA', 'JAKARTA PUSAT', 'CEMPAKA PUTIH', 'CEMPAKA PUTIH TIMUR'),
(33, 'PROVINSI DKI JAKARTA', 'JAKARTA PUSAT', 'CEMPAKA PUTIH', 'CEMPAKA PUTIH BARAT'),
(34, 'PROVINSI DKI JAKARTA', 'JAKARTA PUSAT', 'CEMPAKA PUTIH', 'RAWASARI'),
(35, 'PROVINSI DKI JAKARTA', 'JAKARTA PUSAT', 'MENTENG', 'MENTENG'),
(36, 'PROVINSI DKI JAKARTA', 'JAKARTA PUSAT', 'MENTENG', 'PEGANGSAAN'),
(37, 'PROVINSI DKI JAKARTA', 'JAKARTA PUSAT', 'MENTENG', 'CIKINI'),
(38, 'PROVINSI DKI JAKARTA', 'JAKARTA PUSAT', 'MENTENG', 'GONDANGDIA'),
(39, 'PROVINSI DKI JAKARTA', 'JAKARTA PUSAT', 'MENTENG', 'KEBON SIRIH'),
(40, 'PROVINSI DKI JAKARTA', 'JAKARTA PUSAT', 'TANAH ABANG', 'GELORA'),
(41, 'PROVINSI DKI JAKARTA', 'JAKARTA PUSAT', 'TANAH ABANG', 'BENDUNGAN HILIR'),
(42, 'PROVINSI DKI JAKARTA', 'JAKARTA PUSAT', 'TANAH ABANG', 'KARET TENGSIN'),
(43, 'PROVINSI DKI JAKARTA', 'JAKARTA PUSAT', 'TANAH ABANG', 'PETAMBURAN'),
(44, 'PROVINSI DKI JAKARTA', 'JAKARTA PUSAT', 'TANAH ABANG', 'KEBON MELATI'),
(45, 'PROVINSI DKI JAKARTA', 'JAKARTA PUSAT', 'TANAH ABANG', 'KEBON KACANG'),
(46, 'PROVINSI DKI JAKARTA', 'JAKARTA PUSAT', 'TANAH ABANG', 'KAMPUNG BALI'),
(47, 'PROVINSI DKI JAKARTA', 'JAKARTA PUSAT', 'JOHAR BARU', 'JOHAR BARU'),
(48, 'PROVINSI DKI JAKARTA', 'JAKARTA PUSAT', 'JOHAR BARU', 'KAMPUNG RAWA'),
(49, 'PROVINSI DKI JAKARTA', 'JAKARTA PUSAT', 'JOHAR BARU', 'GALUR'),
(50, 'PROVINSI DKI JAKARTA', 'JAKARTA PUSAT', 'JOHAR BARU', 'TANAH TINGGI');

-- --------------------------------------------------------

--
-- Struktur dari tabel `distribusi`
--

CREATE TABLE `distribusi` (
  `id` int(11) NOT NULL,
  `daerah_id` int(15) NOT NULL,
  `pendidikan_id` int(15) NOT NULL,
  `jumlah` int(100) NOT NULL
) ENGINE=InnoDB DEFAULT CHARSET=latin1;

--
-- Dumping data untuk tabel `distribusi`
--

INSERT INTO `distribusi` (`id`, `daerah_id`, `pendidikan_id`, `jumlah`) VALUES
(4, 1, 1, 1365),
(5, 1, 2, 571),
(6, 1, 3, 1679),
(7, 1, 4, 874),
(8, 1, 5, 1594),
(9, 1, 6, 27),
(10, 1, 7, 60),
(11, 1, 8, 184),
(12, 1, 9, 0),
(13, 1, 10, 0),
(14, 2, 1, 1297),
(15, 2, 2, 570),
(16, 2, 3, 2179),
(17, 2, 4, 1136),
(18, 2, 5, 1106),
(19, 2, 6, 15),
(20, 2, 7, 38),
(21, 2, 8, 108),
(22, 2, 9, 8),
(23, 2, 10, 0),
(24, 3, 1, 428),
(25, 3, 2, 193),
(26, 3, 3, 818),
(27, 3, 4, 338),
(28, 3, 5, 401),
(29, 3, 6, 13),
(30, 3, 7, 17),
(31, 3, 8, 32),
(32, 3, 9, 0),
(33, 3, 10, 0),
(34, 4, 1, 488),
(35, 4, 2, 197),
(36, 4, 3, 656),
(37, 4, 4, 322),
(38, 4, 5, 446),
(39, 4, 6, 8),
(40, 4, 7, 19),
(41, 4, 8, 44),
(42, 4, 9, 3),
(43, 4, 10, 0),
(44, 5, 1, 1036),
(45, 5, 2, 458),
(46, 5, 3, 1411),
(47, 5, 4, 792),
(48, 5, 5, 1023),
(49, 5, 6, 54),
(50, 5, 7, 66),
(51, 5, 8, 198),
(52, 5, 9, 4),
(53, 5, 10, 0),
(54, 6, 1, 520),
(55, 6, 2, 318),
(56, 6, 3, 1139),
(57, 6, 4, 372),
(58, 6, 5, 409),
(59, 6, 6, 9),
(60, 6, 7, 18),
(61, 6, 8, 33),
(62, 6, 9, 3),
(63, 6, 10, 0),
(64, 7, 1, 378),
(65, 7, 2, 293),
(66, 7, 3, 266),
(67, 7, 4, 383),
(68, 7, 5, 1445),
(69, 7, 6, 22),
(70, 7, 7, 178),
(71, 7, 8, 412),
(72, 7, 9, 30),
(73, 7, 10, 2),
(74, 8, 1, 2347),
(75, 8, 2, 1689),
(76, 8, 3, 1042),
(77, 8, 4, 2061),
(78, 8, 5, 7627),
(79, 8, 6, 43),
(80, 8, 7, 783),
(81, 8, 8, 3056),
(82, 8, 9, 216),
(83, 8, 10, 15),
(84, 9, 1, 2967),
(85, 9, 2, 2245),
(86, 9, 3, 1748),
(87, 9, 4, 2724),
(88, 9, 5, 9068),
(89, 9, 6, 52),
(90, 9, 7, 790),
(91, 9, 8, 2124),
(92, 9, 9, 153),
(93, 9, 10, 13),
(94, 10, 1, 2255),
(95, 10, 2, 1715),
(96, 10, 3, 1248),
(97, 10, 4, 1872),
(98, 10, 5, 7617),
(99, 10, 6, 67),
(100, 10, 7, 799),
(101, 10, 8, 1856),
(102, 10, 9, 177),
(103, 10, 10, 13),
(104, 11, 1, 1552),
(105, 11, 2, 1167),
(106, 11, 3, 1081),
(107, 11, 4, 1681),
(108, 11, 5, 5217),
(109, 11, 6, 26),
(110, 11, 7, 377),
(111, 11, 8, 1099),
(112, 11, 9, 76),
(113, 11, 10, 5),
(114, 12, 1, 3957),
(115, 12, 2, 2407),
(116, 12, 3, 2854),
(117, 12, 4, 3591),
(118, 12, 5, 10158),
(119, 12, 6, 74),
(120, 12, 7, 503),
(121, 12, 8, 1562),
(122, 12, 9, 69),
(123, 12, 10, 4),
(124, 13, 1, 1803),
(125, 13, 2, 1328),
(126, 13, 3, 1215),
(127, 13, 4, 2085),
(128, 13, 5, 6093),
(129, 13, 6, 40),
(130, 13, 7, 629),
(131, 13, 8, 2254),
(132, 13, 9, 165),
(133, 13, 10, 13),
(134, 14, 1, 4628),
(135, 14, 2, 3292),
(136, 14, 3, 4928),
(137, 14, 4, 6147),
(138, 14, 5, 11728),
(139, 14, 6, 85),
(140, 14, 7, 645),
(141, 14, 8, 1567),
(142, 14, 9, 65),
(143, 14, 10, 3),
(144, 15, 1, 3665),
(145, 15, 2, 2796),
(146, 15, 3, 3453),
(147, 15, 4, 4383),
(148, 15, 5, 10770),
(149, 15, 6, 61),
(150, 15, 7, 824),
(151, 15, 8, 1856),
(152, 15, 9, 107),
(153, 15, 10, 6),
(154, 16, 1, 2311),
(155, 16, 2, 1656),
(156, 16, 3, 1851),
(157, 16, 4, 2638),
(158, 16, 5, 7758),
(159, 16, 6, 61),
(160, 16, 7, 677),
(161, 16, 8, 2597),
(162, 16, 9, 173),
(163, 16, 10, 16),
(164, 17, 1, 5168),
(165, 17, 2, 3224),
(166, 17, 3, 4153),
(167, 17, 4, 6175),
(168, 17, 5, 14097),
(169, 17, 6, 82),
(170, 17, 7, 767),
(171, 17, 8, 1788),
(172, 17, 9, 81),
(173, 17, 10, 10),
(174, 18, 1, 3988),
(175, 18, 2, 2428),
(176, 18, 3, 2379),
(177, 18, 4, 3709),
(178, 18, 5, 10300),
(179, 18, 6, 44),
(180, 18, 7, 672),
(181, 18, 8, 1645),
(182, 18, 9, 56),
(183, 18, 10, 2),
(184, 19, 1, 5469),
(185, 19, 2, 3211),
(186, 19, 3, 3054),
(187, 19, 4, 3135),
(188, 19, 5, 14046),
(189, 19, 6, 74),
(190, 19, 7, 948),
(191, 19, 8, 2229),
(192, 19, 9, 181),
(193, 19, 10, 18),
(194, 20, 1, 3914),
(195, 20, 2, 3013),
(196, 20, 3, 2727),
(197, 20, 4, 2812),
(198, 20, 5, 11278),
(199, 20, 6, 88),
(200, 20, 7, 1065),
(201, 20, 8, 2198),
(202, 20, 9, 143),
(203, 20, 10, 9),
(204, 21, 1, 5825),
(205, 21, 2, 3830),
(206, 21, 3, 2953),
(207, 21, 4, 3888),
(208, 21, 5, 15047),
(209, 21, 6, 159),
(210, 21, 7, 1232),
(211, 21, 8, 2932),
(212, 21, 9, 147),
(213, 21, 10, 6),
(214, 22, 1, 3357),
(215, 22, 2, 2372),
(216, 22, 3, 1818),
(217, 22, 4, 3294),
(218, 22, 5, 9631),
(219, 22, 6, 54),
(220, 22, 7, 876),
(221, 22, 8, 2220),
(222, 22, 9, 102),
(223, 22, 10, 7),
(224, 23, 1, 5866),
(225, 23, 2, 4377),
(226, 23, 3, 2985),
(227, 23, 4, 4291),
(228, 23, 5, 15476),
(229, 23, 6, 193),
(230, 23, 7, 1732),
(231, 23, 8, 3981),
(232, 23, 9, 267),
(233, 23, 10, 17),
(234, 24, 1, 3841),
(235, 24, 2, 2870),
(236, 24, 3, 2725),
(237, 24, 4, 3099),
(238, 24, 5, 9026),
(239, 24, 6, 130),
(240, 24, 7, 1410),
(241, 24, 8, 4025),
(242, 24, 9, 369),
(243, 24, 10, 19),
(244, 25, 1, 5452),
(245, 25, 2, 3965),
(246, 25, 3, 3913),
(247, 25, 4, 4860),
(248, 25, 5, 13710),
(249, 25, 6, 80),
(250, 25, 7, 817),
(251, 25, 8, 1581),
(252, 25, 9, 75),
(253, 25, 10, 3),
(254, 26, 1, 1325),
(255, 26, 2, 759),
(256, 26, 3, 935),
(257, 26, 4, 1234),
(258, 26, 5, 3040),
(259, 26, 6, 21),
(260, 26, 7, 289),
(261, 26, 8, 806),
(262, 26, 9, 97),
(263, 26, 10, 2),
(264, 27, 1, 1393),
(265, 27, 2, 975),
(266, 27, 3, 734),
(267, 27, 4, 1130),
(268, 27, 5, 4476),
(269, 27, 6, 56),
(270, 27, 7, 616),
(271, 27, 8, 1270),
(272, 27, 9, 124),
(273, 27, 10, 17),
(274, 28, 1, 3971),
(275, 28, 2, 2587),
(276, 28, 3, 2333),
(277, 28, 4, 3250),
(278, 28, 5, 11047),
(279, 28, 6, 133),
(280, 28, 7, 1409),
(281, 28, 8, 3182),
(282, 28, 9, 288),
(283, 28, 10, 31),
(284, 29, 1, 5730),
(285, 29, 2, 2611),
(286, 29, 3, 4818),
(287, 29, 4, 5400),
(288, 29, 5, 13044),
(289, 29, 6, 89),
(290, 29, 7, 1037),
(291, 29, 8, 2286),
(292, 29, 9, 138),
(293, 29, 10, 13),
(294, 30, 1, 2703),
(295, 30, 2, 2703),
(296, 30, 3, 2409),
(297, 30, 4, 2451),
(298, 30, 5, 6789),
(299, 30, 6, 59),
(300, 30, 7, 607),
(301, 30, 8, 1514),
(302, 30, 9, 124),
(303, 30, 10, 7),
(304, 31, 1, 3249),
(305, 31, 2, 2108),
(306, 31, 3, 1952),
(307, 31, 4, 2897),
(308, 31, 5, 9588),
(309, 31, 6, 81),
(310, 31, 7, 726),
(311, 31, 8, 1738),
(312, 31, 9, 100),
(313, 31, 10, 6),
(314, 32, 1, 3754),
(315, 32, 2, 2590),
(316, 32, 3, 1747),
(317, 32, 4, 2863),
(318, 32, 5, 9648),
(319, 32, 6, 110),
(320, 32, 7, 1171),
(321, 32, 8, 5955),
(322, 32, 9, 669),
(323, 32, 10, 57),
(324, 33, 1, 6117),
(325, 33, 2, 4371),
(326, 33, 3, 3008),
(327, 33, 4, 4336),
(328, 33, 5, 15256),
(329, 33, 6, 371),
(330, 33, 7, 2101),
(331, 33, 8, 4715),
(332, 33, 9, 533),
(333, 33, 10, 37),
(334, 34, 1, 3629),
(335, 34, 2, 2464),
(336, 34, 3, 1629),
(337, 34, 4, 2269),
(338, 34, 5, 9795),
(339, 34, 6, 156),
(340, 34, 7, 1524),
(341, 34, 8, 3849),
(342, 34, 9, 508),
(343, 34, 10, 42),
(344, 35, 1, 4464),
(345, 35, 2, 2771),
(346, 35, 3, 3029),
(347, 35, 4, 4016),
(348, 35, 5, 10914),
(349, 35, 6, 100),
(350, 35, 7, 964),
(351, 35, 8, 3415),
(352, 35, 9, 423),
(353, 35, 10, 57),
(354, 36, 1, 3973),
(355, 36, 2, 2859),
(356, 36, 3, 2787),
(357, 36, 4, 3470),
(358, 36, 5, 10436),
(359, 36, 6, 71),
(360, 36, 7, 1099),
(361, 36, 8, 2479),
(362, 36, 9, 248),
(363, 36, 10, 37),
(364, 37, 1, 1354),
(365, 37, 2, 878),
(366, 37, 3, 625),
(367, 37, 4, 1212),
(368, 37, 5, 3740),
(369, 37, 6, 31),
(370, 37, 7, 520),
(371, 37, 8, 1371),
(372, 37, 9, 171),
(373, 37, 10, 12),
(374, 38, 1, 527),
(375, 38, 2, 334),
(376, 38, 3, 137),
(377, 38, 4, 298),
(378, 38, 5, 1274),
(379, 38, 6, 18),
(380, 38, 7, 285),
(381, 38, 8, 1675),
(382, 38, 9, 316),
(383, 38, 10, 37),
(384, 39, 1, 2243),
(385, 39, 2, 1415),
(386, 39, 3, 1911),
(387, 39, 4, 2160),
(388, 39, 5, 5860),
(389, 39, 6, 58),
(390, 39, 7, 566),
(391, 39, 8, 1324),
(392, 39, 9, 131),
(393, 39, 10, 8),
(394, 40, 1, 508),
(395, 40, 2, 344),
(396, 40, 3, 250),
(397, 40, 4, 379),
(398, 40, 5, 1455),
(399, 40, 6, 13),
(400, 40, 7, 176),
(401, 40, 8, 485),
(402, 40, 9, 60),
(403, 40, 10, 7),
(404, 41, 1, 3088),
(405, 41, 2, 2632),
(406, 41, 3, 2222),
(407, 41, 4, 2820),
(408, 41, 5, 8068),
(409, 41, 6, 119),
(410, 41, 7, 1503),
(411, 41, 8, 4382),
(412, 41, 9, 696),
(413, 41, 10, 35),
(414, 42, 1, 3241),
(415, 42, 2, 2570),
(416, 42, 3, 2383),
(417, 42, 4, 2908),
(418, 42, 5, 8258),
(419, 42, 6, 128),
(420, 42, 7, 736),
(421, 42, 8, 1795),
(422, 42, 9, 242),
(423, 42, 10, 14),
(424, 43, 1, 7062),
(425, 43, 2, 3861),
(426, 43, 3, 4724),
(427, 43, 4, 5238),
(428, 43, 5, 15506),
(429, 43, 6, 137),
(430, 43, 7, 1053),
(431, 43, 8, 2245),
(432, 43, 9, 175),
(433, 43, 10, 19),
(434, 44, 1, 6712),
(435, 44, 2, 3903),
(436, 44, 3, 4258),
(437, 44, 4, 5186),
(438, 44, 5, 16028),
(439, 44, 6, 161),
(440, 44, 7, 1015),
(441, 44, 8, 2392),
(442, 44, 9, 225),
(443, 44, 10, 13),
(444, 45, 1, 3581),
(445, 45, 2, 2535),
(446, 45, 3, 2491),
(447, 45, 4, 3195),
(448, 45, 5, 9801),
(449, 45, 6, 147),
(450, 45, 7, 1167),
(451, 45, 8, 2815),
(452, 45, 9, 240),
(453, 45, 10, 16),
(454, 46, 1, 2307),
(455, 46, 2, 1306),
(456, 46, 3, 1580),
(457, 46, 4, 1903),
(458, 46, 5, 5828),
(459, 46, 6, 40),
(460, 46, 7, 370),
(461, 46, 8, 940),
(462, 46, 9, 52),
(463, 46, 10, 6),
(464, 47, 1, 6687),
(465, 47, 2, 4397),
(466, 47, 3, 4342),
(467, 47, 4, 5183),
(468, 47, 5, 15672),
(469, 47, 6, 231),
(470, 47, 7, 1936),
(471, 47, 8, 4628),
(472, 47, 9, 407),
(473, 47, 10, 26),
(474, 48, 1, 4406),
(475, 48, 2, 2679),
(476, 48, 3, 3594),
(477, 48, 4, 3887),
(478, 48, 5, 9750),
(479, 48, 6, 62),
(480, 48, 7, 631),
(481, 48, 8, 1308),
(482, 48, 9, 71),
(483, 48, 10, 1),
(484, 49, 1, 3422),
(485, 49, 2, 2335),
(486, 49, 3, 3044),
(487, 49, 4, 3278),
(488, 49, 5, 8126),
(489, 49, 6, 51),
(490, 49, 7, 455),
(491, 49, 8, 886),
(492, 49, 9, 50),
(493, 49, 10, 2),
(494, 50, 1, 7812),
(495, 50, 2, 4030),
(496, 50, 3, 7556),
(497, 50, 4, 7436),
(498, 50, 5, 14725),
(499, 50, 6, 86),
(500, 50, 7, 771),
(501, 50, 8, 2437),
(502, 50, 9, 99),
(503, 50, 10, 6);

-- --------------------------------------------------------

--
-- Struktur dari tabel `pendidikan`
--

CREATE TABLE `pendidikan` (
  `id` int(11) NOT NULL,
  `nama` varchar(35) NOT NULL
) ENGINE=InnoDB DEFAULT CHARSET=latin1;

--
-- Dumping data untuk tabel `pendidikan`
--

INSERT INTO `pendidikan` (`id`, `nama`) VALUES
(1, 'tidak belum sekolah'),
(2, 'belum tamat sd sederajat'),
(3, 'tamat sd sederajat'),
(4, 'sltp sederajat'),
(5, 'slta sederajat'),
(6, 'diploma I II'),
(7, 'akademi diploma III s muda'),
(8, 'diploma IV strata I'),
(9, 'strata II'),
(10, 'strata III');

--
-- Indexes for dumped tables
--

--
-- Indeks untuk tabel `daerah`
--
ALTER TABLE `daerah`
  ADD PRIMARY KEY (`id`);

--
-- Indeks untuk tabel `distribusi`
--
ALTER TABLE `distribusi`
  ADD PRIMARY KEY (`id`),
  ADD KEY `daerah_id` (`daerah_id`),
  ADD KEY `pendidikan_id` (`pendidikan_id`);

--
-- Indeks untuk tabel `pendidikan`
--
ALTER TABLE `pendidikan`
  ADD PRIMARY KEY (`id`);

--
-- AUTO_INCREMENT untuk tabel yang dibuang
--

--
-- AUTO_INCREMENT untuk tabel `daerah`
--
ALTER TABLE `daerah`
  MODIFY `id` int(11) NOT NULL AUTO_INCREMENT, AUTO_INCREMENT=268;

--
-- AUTO_INCREMENT untuk tabel `distribusi`
--
ALTER TABLE `distribusi`
  MODIFY `id` int(11) NOT NULL AUTO_INCREMENT, AUTO_INCREMENT=504;

--
-- AUTO_INCREMENT untuk tabel `pendidikan`
--
ALTER TABLE `pendidikan`
  MODIFY `id` int(11) NOT NULL AUTO_INCREMENT, AUTO_INCREMENT=11;

--
-- Ketidakleluasaan untuk tabel pelimpahan (Dumped Tables)
--

--
-- Ketidakleluasaan untuk tabel `distribusi`
--
ALTER TABLE `distribusi`
  ADD CONSTRAINT `distribusi_ibfk_1` FOREIGN KEY (`daerah_id`) REFERENCES `daerah` (`id`),
  ADD CONSTRAINT `distribusi_ibfk_2` FOREIGN KEY (`pendidikan_id`) REFERENCES `pendidikan` (`id`);
COMMIT;

/*!40101 SET CHARACTER_SET_CLIENT=@OLD_CHARACTER_SET_CLIENT */;
/*!40101 SET CHARACTER_SET_RESULTS=@OLD_CHARACTER_SET_RESULTS */;
/*!40101 SET COLLATION_CONNECTION=@OLD_COLLATION_CONNECTION */;
